timestamp,tag_id,x_px,y_px,heading_deg
1776720327.0120492,2,282.9167089486532,197.9259324531706,22.3343495763923
1776720327.0431817,2,282.33066278571533,197.08045466674955,21.88906735760019
1776720327.0670702,2,281.5960614942018,196.21405142289635,20.590044083781926
1776720327.1031353,2,278.7625003898681,198.22334563090504,18.651343185406155
1776720327.1346433,2,274.85207282178544,202.46142831736,16.492828032172657
1776720327.171653,2,271.052826452365,207.95211496434754,14.283446929234325
1776720327.2067454,2,267.8000451763543,214.5083821582619,12.001661051142609
1776720327.242027,2,264.1337330043375,223.29328192333438,9.780838206796178
1776720327.275588,2,260.87742450589826,233.39338476134535,7.513479360932837
1776720327.3173342,2,258.75063734187887,243.7759060901665,5.508562964267135
1776720327.3595579,2,257.520269384768,253.74783832689278,3.9925718148299376
1776720327.4060965,2,256.0299926742456,264.4375913509515,2.732175130196682
1776720327.4480827,2,255.3583473629041,274.40172429312986,2.0130578838126865
1776720327.4740262,2,255.95857185879956,282.86731775913756,1.5053678390719913
1776720327.5008056,2,257.7611670564412,290.05778290556043,1.1629764851843465
1776720327.5308156,2,260.8643361774894,295.7973585658938,0.90658929099305
1776720327.5646217,2,264.9585305783345,300.2877286742804,0.7412333192378172
1776720327.594134,2,269.4897384176379,303.7480078988209,0.7003551528029875
1776720327.626299,2,274.3828841779301,306.0084253536018,0.8595668903404673
1776720327.657283,2,279.7208264236057,307.2607403515345,1.0693065664330197
1776720327.6847248,2,285.2094286445129,307.89460107753314,1.3641888783660068
1776720327.7167616,2,290.61527792254776,308.25473196460365,1.791222550936507
1776720327.7485054,2,295.6250999412398,308.68132156621084,2.3449451500035305
1776720327.7793553,2,299.9525221929252,309.2177725326927,2.938549365371642
1776720327.8093548,2,303.5074629089527,309.6013990453659,3.468424570414466
1776720327.8412273,2,306.16053976363764,309.49124344168075,3.7898556848711276
1776720327.8700824,2,307.73115360737006,308.8821917880922,3.9256327358883865
1776720327.8995886,2,308.28682767304826,307.75156755040416,3.9429081355139304
1776720327.938627,2,308.0390948967371,306.37724040408233,3.9006468069248275
1776720327.9626944,2,307.31517561576544,305.10602031258895,3.875504659220799
1776720328.0006776,2,306.13978467943036,303.84480603684415,3.781122289263348
1776720328.0318334,2,304.30543091907845,302.4490159008656,3.634161226640027
1776720328.0662699,2,302.30873340559486,301.5419950575052,3.6181284554758566
1776720328.0994596,2,300.5184489311375,301.2749934803214,3.7577909010899497
1776720328.130997,2,299.1034592005712,301.4126761722522,3.917177073259806
1776720328.1743937,2,298.0684314630754,301.7226354291378,4.134618551378431
1776720328.1998317,2,297.538950660603,302.0901455371136,4.405422911706023
1776720328.2307336,2,297.3660661401027,302.4005510975965,4.697097999471025
1776720328.2613153,2,297.31821288677776,302.57900791522394,4.897821776030334
1776720328.2921724,2,297.378704318195,302.56059891824003,5.032925388030079
1776720328.3275597,2,297.3513265798968,302.5837574601803,5.136404604198109
1776720328.3611817,2,297.4152560215112,302.75667031285315,5.3026140280458876
1776720328.4045732,2,297.7007592233535,303.00557278489595,5.571858795261436
1776720328.4326327,2,298.0966820034138,303.3727553441793,5.9206249083344495
1776720328.4722142,2,298.551607731279,303.9006192203834,6.205752562270043
1776720328.5059273,2,299.1135372965964,304.46670150284086,6.228044734805231
1776720328.533223,2,300.10372693382084,304.861587322225,6.037569060567427
1776720328.5635457,2,301.42826746795294,304.96035132373567,5.487259973567292
1776720328.6002018,2,303.0991005563941,304.8484422846424,4.8261785536014505
1776720328.6356611,2,304.97733170840985,304.6212329225916,4.223385382124933
1776720328.667143,2,307.2572146572836,304.07626370507137,3.6800705735914456
1776720328.706366,2,309.7589680846679,303.4522913533849,3.224270470789754
1776720328.7336583,2,312.1543706857628,302.91331651024035,2.7826893293357373
1776720328.7702012,2,314.31691720929916,302.5850821164835,2.4176926557610545
1776720328.8047404,2,316.3729913519671,302.29964375354456,2.1232710855032413
1776720328.8355067,2,318.22326461470027,302.1189509700487,1.838778985671788
1776720328.8675997,2,319.77340611005656,302.08379671904686,1.6035013835272194
1776720328.9063046,2,321.09810913286947,302.0743501529279,1.43143203242776
1776720328.9406645,2,322.17622577482393,302.11072469235944,1.3084500720219103
1776720328.9669867,2,323.0178760515794,302.1095851804192,1.2320013333492161
1776720328.9974911,2,323.6911586984544,302.0520655912409,1.1853488296821204
1776720329.026407,2,324.1721460257543,302.03579881662966,1.1540096054507478
1776720329.072145,2,324.55022686835315,302.03900775637766,1.1416072280664713
1776720329.107519,2,324.8940213982011,302.023670392245,1.1430367469133975
1776720329.1338584,2,325.175851038477,302.0434018279651,1.1498977025240111
1776720329.1750808,2,325.3802728219961,302.10096702412307,1.1845960760509973
1776720329.210669,2,325.5096490221059,302.1614791238007,1.2649869410553298
1776720329.2370539,2,325.48633203611564,302.2418589399697,1.429437989883606
1776720329.2750351,2,325.2422677693104,302.28553302675965,1.7070070567453706
1776720329.302883,2,324.8047432133304,302.17580959776893,2.105414938063759
1776720329.3390515,2,324.2769675782991,301.7812011344337,2.5871086673773993
1776720329.382247,2,323.75353510126604,301.0918974425627,3.12661056697774
1776720329.411904,2,323.22577988877515,300.0939354949353,3.7223858254973186
1776720329.437817,2,322.46342565112144,299.0151897746991,4.337929563676803
1776720329.458411,2,321.31093836811596,297.96293875248995,4.974934209623972
1776720329.4918492,2,319.90685800063807,296.9761459849676,5.665636275302794
1776720329.5269928,2,318.3857935406021,296.06843274417486,6.397122126179985
1776720329.5716164,2,317.0847880783971,295.0533782425377,7.051483054199689
1776720329.608798,2,316.20097141977425,293.80514270601105,7.7117363735159365
1776720329.6461105,2,315.7632537890478,292.30986675064025,8.446646378488786
1776720329.6802392,2,315.7271076255204,290.65101438681353,9.22171027412308
1776720329.7069893,2,315.91034610560234,288.921110602362,9.996390676546763
1776720329.741483,2,316.05191476275417,287.2501907494445,10.814106395785789
1776720329.7742002,2,315.9608355864427,285.75440677810076,11.688657900189366
1776720329.8067198,2,315.6254209701208,284.4717124533675,12.57745995060554
1776720329.8416142,2,315.2729816521959,283.34619393031926,13.496030698450747
1776720329.872319,2,315.1141003427237,282.2905209314129,14.429165680727966
1776720329.904623,2,315.15778164283796,281.2830427316733,15.353599919377844
1776720329.9475193,2,315.4825127223158,280.04758530610457,16.221458035661875
1776720329.9773395,2,316.17154858354866,278.4571320613529,17.023562561902317
1776720330.001551,2,317.19203814805314,276.6202378241433,17.76545242134681
1776720330.0368466,2,318.38396821865103,274.7292565740705,18.481668898480745
1776720330.075868,2,319.5614171288041,272.8732336594286,19.151663218580705
1776720330.1056237,2,320.54140959574755,271.16377179833523,19.74794468723913
1776720330.1318703,2,321.3358222427587,269.64991378250323,20.275945442443014
1776720330.1616836,2,322.1719983214062,268.26615255401373,20.671373879806826
1776720330.1920774,2,323.05357246079154,267.0244584716313,20.880255894514438
1776720330.2255988,2,323.7338744621545,266.0463205345301,20.85499300197494
1776720330.2589483,2,324.05812132374894,265.46882440169463,20.556135907404272
1776720330.2889695,2,323.8737019880204,265.42373384442897,20.02558718524192
1776720330.3224764,2,323.38637793416177,265.8060115019456,19.33832909394466
1776720330.353533,2,322.74491577890655,266.5142897391036,18.57428681147442
1776720330.404486,2,322.03282881048665,267.51918671406855,17.688705678371026
1776720330.4395697,2,321.18404530439824,268.7422786997438,16.791311852023906
1776720330.4669664,2,320.15599202321584,270.0709206799687,15.848296629941578
1776720330.5019927,2,318.93646846913316,271.419138005171,14.842167600362837
1776720330.5297208,2,317.52405631319266,272.8432689338393,13.79897354287553
1776720330.5594995,2,315.8553282586178,274.45052680025304,12.735747073018928
1776720330.5960033,2,313.87156738613953,276.2754773853453,11.636085129404895
1776720330.623522,2,311.51461398181175,278.31925247273773,10.505604005204875
1776720330.6581266,2,308.80532783973456,280.66544371320185,9.315905263851384
1776720330.6915507,2,305.79160745597034,283.26582518935874,8.055148940756338
1776720330.7302682,2,302.5482653251137,286.140432943656,6.74189350735913
1776720330.7665646,2,299.1020448386326,289.2487338039196,5.348503856459176
1776720330.8087554,2,295.4522753120521,292.56032934076205,3.9294235403304034
1776720330.8500228,2,291.35408632027764,296.09423364754906,2.499199018037144
1776720330.8765287,2,286.4602737420547,299.67447962031554,1.0812674662539763
1776720330.9138167,2,280.9114003349498,303.134593194831,-0.3500841864232234
1776720330.9427369,2,274.9147822711733,306.41845990534057,-1.798246173796433
1776720330.9720964,2,268.5728799772695,309.34390745086466,-3.2408422026672574
1776720330.996772,2,262.4594809122506,312.13315963702763,-4.605041767943564
1776720331.0273514,2,256.8291065328491,314.63164632379755,-5.931403035638973
1776720331.0610712,2,251.7986814767221,316.6729067647841,-7.19211033612335
1776720331.087183,2,247.32949879313873,318.2606167852824,-8.369399553303674
1776720331.1227765,2,243.36104358909907,319.3898982071992,-9.429715276953075
1776720331.1538293,2,239.5607556068404,319.84918302132286,-10.447364261404651
1776720331.211519,2,235.6753754497926,319.5005087912207,-11.515118262097163
1776720331.2439003,2,231.63451244934785,318.41575649633864,-12.575783676492957
1776720331.2768402,2,227.62640098799426,316.75652588496393,-13.61071331981363
1776720331.3087022,2,223.74748389433307,314.6091626932245,-14.640597832537445
1776720331.3424346,2,219.76269449860757,311.90227283249305,-15.710062516622948
1776720331.3774288,2,215.91678232986453,308.9895362175624,-16.76350363439294
1776720331.416161,2,212.22112076473746,305.9180571377636,-17.846046300985005
1776720331.4573538,2,208.64524808704604,302.792718221664,-18.9336640597328
1776720331.4946942,2,205.42390918600734,299.82767921945685,-19.999830387626634
1776720331.5231073,2,202.4047222972669,296.970231531342,-21.071225061886725
1776720331.5517318,2,199.25335173403494,294.1652747464457,-22.16399485612161
1776720331.572198,2,195.70672791291577,291.2803764762216,-23.37858337504033
1776720331.6093652,2,191.6547520338387,288.3552640589955,-24.672097275787454
1776720331.6368027,2,187.2440700174067,285.48058609199677,-26.022730946008142
1776720331.6751966,2,182.61140498659944,282.6778594474519,-27.42489379041537
1776720331.702814,2,177.8235934719328,279.9873774228812,-28.903106939554785
1776720331.7387567,2,172.90853043508142,277.46249909492957,-30.41382428158872
1776720331.7748475,2,167.96364306520042,275.17692090295884,-31.97725161919313
1776720331.8032105,2,163.17600003898588,273.2891219964638,-33.56243438324091
1776720331.8360724,2,158.75305052683728,271.99923312283283,-35.13118759475045
1776720331.8646464,2,154.72922719564102,271.4384639727916,-36.659223664073075
1776720331.8946679,2,150.86627967199567,271.6383682162152,-38.24537696139508
1776720331.9283996,2,147.0302571940318,272.6130869072257,-39.93440845122602
1776720331.9607475,2,143.0542992095733,274.30790109880667,-41.69380286476241
1776720332.0097203,2,138.89027085868145,276.7038034278283,-43.47266650128227
1776720332.0469992,2,134.8319636003041,279.87352816548133,-45.141149361955904
1776720332.0751872,2,130.97589451768215,283.71782842831385,-46.59886179362672
1776720332.1081648,2,127.15648863214255,288.19991597049915,-48.00718304538262
1776720332.1399915,2,123.524873975069,293.1814898578325,-49.37545694299545
1776720332.176267,2,120.14661787969243,298.50199631110127,-50.707127111694625
1776720332.204359,2,116.72243318418141,303.9816777154665,-52.146000938239396
1776720332.236738,2,112.81583759308938,309.2875415958832,-53.91604930197894
1776720332.2655315,2,108.51893909124426,314.37130778584424,-55.88118732949867
1776720332.299312,2,104.39712334324663,319.2389923087731,-57.96467865421339
1776720332.3285282,2,100.79104265396404,323.74492386065083,-60.03674122915372
1776720332.3606658,2,97.55275900979065,327.8239229646936,-62.151407432893805
1776720332.4118686,2,94.3461057631953,331.56008458971786,-64.51784743752597
1776720332.4415684,2,91.21258967375528,335.1085021108376,-66.99411447256144
1776720332.4769304,2,88.50120548467751,338.35587092494364,-69.32944026014933
1776720332.5113962,2,86.19605343515971,341.20593565811,-71.45070303146377
1776720332.5317292,2,83.80440741472323,343.70124559911136,-73.48149019731271
1776720332.5682638,2,81.06867859524395,346.04157182840305,-75.69066128090849
1776720332.604754,2,77.9728511324219,348.51052892011785,-78.18966559373753
1776720332.6367981,2,74.75515832278352,351.2301242187816,-80.85894539338125
1776720332.67633,2,71.74861096091949,354.03459130980985,-83.3971487454868
1776720332.70899,2,69.02188165884351,356.61477903901095,-85.64882665432295
1776720332.7342386,2,66.13514434468237,359.0327983985758,-87.75961733882107
1776720332.7750735,2,62.88483920817367,361.29737004913204,-89.9877280165869
1776720332.8082902,2,59.55753679627781,362.8864738727773,-92.29640352687528
1776720332.9296207,2,57.53271223152378,365.3932997855286,-94.84485614184234
1776720332.962886,2,56.73617078301397,367.6443433457936,-96.75142573640564
1776720332.9947078,2,56.968123757821736,369.8153044682832,-98.16961659030643
1776720333.0266988,2,58.18515092034836,371.5518914087382,-99.24532803058253
1776720333.059297,2,60.30614311830772,372.95178007493803,-100.02451549218148
1776720333.0892944,2,63.3022398226207,373.80151394180314,-100.52536742292389
1776720333.1200345,2,67.03021377227081,374.0912688899431,-100.82922780222762
1776720333.1526942,2,71.44580675714074,373.7109492115846,-101.04329594966882
1776720333.200245,2,76.39603217026655,372.6864399987925,-101.10375074465043
1776720333.2343225,2,81.62812568872614,371.2640731901763,-101.09751377762949
1776720333.2657514,2,86.73284379897402,369.76015525383644,-101.1179517691761
1776720333.3029563,2,91.61243684736098,368.29330846098463,-101.18705605296654
1776720333.3294895,2,96.26141840350692,366.844065190669,-101.12104208633882
1776720333.3687086,2,100.89603198805142,365.39520431713,-100.91297072278896
1776720333.3937268,2,105.66856068183233,363.798707298323,-100.64742167855746
1776720333.424783,2,110.72877736698145,362.1109992801614,-100.24878416831048
1776720333.4627838,2,116.0587686650483,360.4164597512307,-99.69639994502695
1776720333.4997435,2,121.58778210103006,358.634459228709,-99.11093991734546
1776720333.535153,2,127.23883612080523,356.92670385433604,-98.44342728026488
1776720333.5754015,2,132.93197617518823,355.24318779920463,-97.77218413254492
1776720333.610301,2,138.4482076265595,354.1052813919417,-97.18220287644435
1776720333.6343966,2,143.4875551210684,353.5247844757777,-96.74092545800777
1776720333.6731248,2,147.81718915907297,353.31896201490366,-96.35736102980368
1776720333.7030363,2,151.25598375014064,353.94798240949353,-96.10268105756772
1776720333.7333708,2,153.76897232109485,355.13117529224274,-95.82287063222088
1776720333.7665508,2,156.10319562239627,356.89965896259486,-95.98119800199544
1776720333.8020983,2,158.75367463853715,357.9118911000454,-96.46784897114928
1776720333.8412359,2,161.8850120899617,358.27942176443173,-97.02888234067717
1776720333.872412,2,164.98672032653843,358.0133326590411,-97.88852638051868
1776720333.9026065,2,168.27019882189055,357.46851433826055,-98.83143565685344
1776720333.93285,2,171.72105188117007,357.0149441089955,-99.84283598421092
1776720333.9734528,2,175.16445069713942,355.4966327173338,-101.26113537471161
1776720334.0082817,2,178.50396939594825,353.9181926480607,-102.4832349193026
1776720334.0401225,2,181.71990005736097,352.3296088419384,-103.5790116454748
1776720334.0777862,2,185.10028816167022,350.7252615080905,-104.33803180741238
1776720334.1082077,2,188.4442144938823,349.1367353181683,-104.87960814676607
1776720334.137624,2,191.535631929836,347.5640241223041,-104.97790705420947
1776720334.1717238,2,194.12906917112832,346.38321535439655,-104.52279095479666
1776720334.203493,2,195.71632040011676,345.62537262468834,-103.80233014577699
1776720334.2729728,2,193.9444647336164,344.9902298557636,-102.59439106743082
1776720334.3095195,2,190.74150031674205,344.6808527202502,-101.3211558740859
1776720334.3441331,2,186.28721547800185,345.02695555929324,-99.46420914501019
1776720334.3789935,2,181.66075522087525,344.95801336625345,-97.70068960755268
1776720334.409812,2,176.83677569601184,344.67100711862633,-95.95517855135714
1776720334.4381917,2,171.8393592000957,344.20075038508236,-94.22244487443692
1776720334.4770362,2,166.47994608296105,343.6292661806698,-92.60240351572908
1776720334.5082545,2,160.63859754577987,342.9369225593957,-91.12093654040217
1776720334.5372787,2,154.35084111341882,342.20728342210975,-89.86956541047942
1776720334.566589,2,148.02257583052858,341.34423373167033,-88.83746450243142
1776720334.5999045,2,141.93554572115505,340.39965014991446,-87.99233650556053
1776720334.6330817,2,136.40796692932403,339.34268246335347,-87.25302183214406
1776720334.6805398,2,131.61037852841014,338.23732445888476,-86.6084842962487
1776720334.7245631,2,127.55103639684043,337.2785753928662,-86.06826887626667
1776720334.755699,2,124.11618896870755,336.622683334022,-85.6655290797446
1776720334.8001177,2,121.25720677133795,336.3680616049531,-85.36103567171165
1776720334.8341863,2,118.84999425029913,336.5995224695629,-85.12349419246482
1776720334.8698308,2,116.72189533099655,337.2561701817457,-85.01934080211477
1776720334.9193804,2,114.77864925757405,338.216760748069,-85.02674706863912
1776720334.9629645,2,113.03994264418279,339.31805582010753,-85.11238209253823
1776720334.9923484,2,111.54578926065747,340.4186539845766,-85.22458785117665
1776720335.0267339,2,110.16186896563883,341.4463315822827,-85.3689886995725
1776720335.0877767,2,108.85646320724666,342.35490922894473,-85.55060007371159
1776720335.1372387,2,107.66461013570931,343.09369450137797,-85.74283303508004
1776720335.171347,2,106.30253857874482,343.43976319950275,-86.25255143910735
1776720335.2169933,2,105.04971714623952,343.7227040363703,-86.81709182417585
1776720335.2482738,2,103.84518771441023,344.05848487511037,-87.42045493139052
1776720335.2769763,2,102.71846962736406,344.4894071332254,-88.02570092453627
1776720335.3025007,2,101.70956824768066,345.0009149461058,-88.54590875787252
1776720335.3418605,2,100.80030534165448,345.57307553538755,-89.00623766331726
1776720335.377824,2,99.96099883090086,346.2919826564549,-89.38385597840234
1776720335.4177384,2,99.26378546142053,347.05569399200886,-89.69449250624274
1776720335.464899,2,98.7385159309938,347.73881285957526,-89.9965074636872
1776720335.5118194,2,98.27804158139459,348.3972694319372,-90.31536817615724
1776720335.5607533,2,98.0051752278986,348.9464981685653,-90.64232626327987
1776720335.5925825,2,98.073704556339,349.1972773680512,-90.98286924794562
1776720335.6227732,2,98.35690745707225,349.33246019067934,-91.24437764001317
1776720335.6572654,2,98.7411163096492,349.41341576219963,-91.47220386714572
1776720335.694092,2,99.12021780715617,349.50463196131057,-91.65837040054846
1776720335.725481,2,99.42230723200402,349.69933986309553,-91.7643687462857
1776720335.7583385,2,99.66707383148095,349.8936267414965,-91.80707314312522
1776720335.7903543,2,99.7970089025159,350.07204059703196,-91.82363393315461
1776720335.8213398,2,99.83588131807413,350.2957124513322,-91.80498332286092
1776720335.8460503,2,99.81331506888732,350.46777934293794,-91.80965283392905
1776720335.8790555,2,99.79449149086926,350.59897859176084,-91.82779323331977
1776720335.9103732,2,99.86089614925342,350.6549262513251,-91.87145301912109
1776720335.9453664,2,100.0018284080964,350.6628701483191,-91.94124273359992
1776720335.9784033,2,100.17760249204656,350.66981863504475,-92.01428237309646
1776720336.0082479,2,100.4225316828315,350.63124651527835,-92.10622229229656
1776720336.038841,2,100.73297612548195,350.56226384517106,-92.16424012074418
1776720336.0710382,2,101.08818448533927,350.46891423736406,-92.1757217488417
1776720336.1044497,2,101.40774333567556,350.3823222732823,-92.15383344213859
1776720336.1359265,2,101.68110936022492,350.2775600080778,-92.12832655609263
1776720336.1643689,2,101.92096494380155,350.14395011076067,-92.08256640293997
1776720336.193961,2,102.11779431996304,349.98871591151556,-92.01408556476756
1776720336.225643,2,102.30032799303916,349.75896577676224,-91.94715306132501
1776720336.2667136,2,102.40173649271073,349.5186264441307,-91.91970742695835
1776720336.307118,2,102.44762757384301,349.3534163087313,-91.89695198926151
1776720336.3583767,2,102.51141550424946,349.1796898819721,-91.91391559141209
1776720336.4052193,2,102.53321782432228,349.01042205917736,-91.93630991469277
1776720336.44909,2,102.55259509583043,348.81884833529523,-91.94885238741021
1776720336.4982622,2,102.59136995297048,348.5254933310065,-91.95123094943379
1776720336.5249717,2,102.66939674284687,348.07851148111774,-91.9066991604612
1776720336.5782557,2,102.76630633817535,347.3769677749242,-91.7813283683443
1776720336.6171854,2,102.28179368603446,342.60884110069486,-90.53656890264796
1776720336.6543736,2,102.0049630204729,337.0113123525705,-89.1573123964982
1776720336.6805391,2,102.18725003605235,330.6054383376248,-87.64031611931975
1776720336.7171526,2,103.01863736587278,323.44518538203374,-86.06111849301602
1776720336.747623,2,104.50891557852736,315.6949008203653,-84.44289270130747
1776720336.7768586,2,106.58159608327202,307.5577621097877,-82.7742248493412
1776720336.8001833,2,109.02210249094276,299.25238954366677,-81.06095690721689
1776720336.8413312,2,111.63382191400365,290.9409914769075,-79.27736605685402
1776720336.8819103,2,114.267391269955,282.77832569753895,-77.40274622895558
1776720336.906275,2,116.78502629564194,274.8996573111864,-75.45959381127535
1776720336.9460127,2,119.08092630333181,267.41646076101887,-73.45689827513547
1776720336.9801598,2,121.20700428139877,260.2644887576116,-71.44437310361279
1776720337.0291517,2,123.235579573672,253.43714819941684,-69.40443134846431
1776720337.0758162,2,125.20035572614641,246.92364385536115,-67.41807400286697
1776720337.121514,2,127.10977390196769,240.74322523607552,-65.49558237223152
1776720337.165923,2,128.91828499297344,234.89685248580994,-63.67208786886165
1776720337.2027256,2,130.57814694531532,229.41304620922608,-61.8832829527159
1776720337.2342331,2,132.1791165112667,224.25892037628608,-60.11078218043885
1776720337.2648883,2,133.93229425066818,219.51018721062715,-58.27535079290025
1776720337.3019006,2,135.92845230576071,215.2514519885383,-56.42172991441448
1776720337.3327076,2,137.97086865108236,211.48034709095296,-54.57553507422508
1776720337.3682363,2,139.95479350273004,208.19654761705877,-52.79851934738192
1776720337.398212,2,141.8716757161684,205.39912479517324,-51.099551621449905
1776720337.429476,2,143.76748191605822,203.16485964602273,-49.44901882110829
1776720337.4657035,2,145.60040145201822,201.58582009135958,-47.81755727153499
1776720337.4958138,2,147.21152881144033,200.74903671818393,-46.213642609229844
1776720337.5296118,2,148.51434050242244,200.64490380598434,-44.64163081388917
1776720337.565063,2,149.55024672329975,201.24633161415633,-43.085701480294695
1776720337.604466,2,150.44487182947614,202.4433997942392,-41.5702355663644
1776720337.6508608,2,151.25495330357361,204.10445178157426,-40.13128271295971
1776720337.6980312,2,151.90203802353864,206.06973959144116,-38.776180909861914
1776720337.7417395,2,152.16429561696,208.06866071049876,-37.57851546803529
1776720337.7639856,2,151.77153928967724,209.7950900699076,-36.71518107211446
1776720337.7988856,2,150.3353668405452,210.89336790825746,-36.43566624628875
1776720337.822958,2,147.25652139532994,211.29616384485178,-36.96906702515447
1776720337.860147,2,142.19490325915305,211.531344691441,-38.44074317259515
1776720337.90645,2,130.74690716210534,221.8988131686547,-44.09060662412957
1776720337.9441388,2,120.55616934774919,235.4733602423753,-49.99415347064681
1776720337.996427,2,110.03562813336804,258.01845908418386,-57.38770667775567
1776720338.043058,2,100.15614173356201,281.3200449559666,-64.16543803331318
1776720338.741473,2,96.22689349562027,304.33890768194834,-77.47055691751171
1776720338.7774456,2,92.66584765799257,321.7364562706283,-89.53579526756491
1776720338.8988235,2,90.39005543067981,330.99813097375073,-100.74620332712891
1776720338.9371688,2,88.74960187479559,336.67896301977345,-110.40255304943358
1776720338.9706025,2,87.61271036049706,339.83851722941967,-118.4732328779386
1776720339.0074544,2,86.83103052141252,341.43266399766503,-125.23828279718931
1776720339.038708,2,86.47290054222013,341.8789266919827,-130.88239525261943
1776720339.0651093,2,86.49957074263173,341.7298171327753,-135.53965743538956
1776720339.095682,2,87.07394412047083,341.4153615309101,-139.38550029626145
1776720339.1325586,2,87.98625544313661,341.0315025457899,-142.5826245197597
1776720339.1629772,2,89.15587474196784,340.65231090729424,-145.22210774439233
1776720339.19644,2,90.57163649527078,340.5945985661167,-147.499826152955
1776720339.2402272,2,92.17053806612093,340.7297753014659,-149.51044502993665
1776720339.282309,2,93.73848989197194,340.9881776390855,-151.32313684186516
1776720339.310377,2,95.1770645139068,341.574292909904,-153.04882494010837
1776720339.3445828,2,96.61541529607427,342.5273915158206,-154.7459758493094
1776720339.3760614,2,98.161860736276,343.669921988322,-156.3558609429638
1776720339.4172173,2,99.80452554326416,344.7728768848952,-157.8471731480402
1776720339.4486296,2,101.22851704809092,345.6402270348,-159.1668266544281
1776720339.4886117,2,102.38253048104171,346.34844771842495,-160.33522294430597
1776720339.5157695,2,103.44690694076641,346.87070291564225,-161.37089099664803
1776720339.545443,2,104.54205020242911,347.0842184364104,-162.21974742760662
1776720339.5831363,2,105.68976692035179,346.9745094404199,-162.93623472829483
1776720339.6134112,2,106.76880136823203,346.6132891516057,-163.5463749014271
1776720339.6448493,2,107.74996664590654,346.26290274766905,-164.12392231920302
1776720339.6834846,2,108.74830959858025,346.1598772828579,-164.73467623024752
1776720339.718402,2,109.57394845941847,346.08378231388673,-165.35476677641498
1776720339.7547715,2,110.26789982384571,346.1043065838685,-165.99461810034057
1776720339.787473,2,110.88190609120392,346.140220587367,-166.6708048125968
1776720339.8203228,2,111.84283031302142,345.66075115379493,-167.2643714063226
1776720339.852424,2,113.30388978964842,344.63424517287365,-167.78192662156542
1776720339.8816707,2,115.17762385570919,343.4183884386018,-168.2983218452104
1776720339.9157667,2,117.3751433160577,342.3056666546939,-168.92370551694992
1776720339.9440594,2,119.77243467241236,340.9450459836379,-169.50696806882763
1776720339.9825058,2,122.173433383722,339.5299393427282,-170.12804212716122
1776720340.0119505,2,124.4831850786317,338.1492518381176,-170.85181763458112
1776720340.0499008,2,126.7786745869021,336.90504159126726,-171.65480902854688
1776720340.081857,2,129.20625436226834,335.8127369817571,-172.4312184581761
1776720340.1120515,2,131.66214876432065,334.77882680644893,-173.2271778121559
1776720340.1425233,2,134.0695662314244,333.8145422353503,-174.0585909135839
1776720340.1655474,2,136.37812192056862,332.923792921831,-174.90718868164623
1776720340.1961823,2,138.4800038096051,332.0855860683713,-175.7962789829193
1776720340.2320542,2,140.3019049788073,331.38303988250914,-176.74006655546552
1776720340.263835,2,141.95830543408795,330.8275703290426,-177.7207973904497
1776720340.2933254,2,143.52509754847978,330.3796310773418,-178.75878141184285
1776720340.330204,2,145.0112318486028,330.0402764403415,-179.85380571320556
1776720340.3539557,2,146.42291246119927,329.81972375767265,179.03309204411678
1776720340.389186,2,147.67297722647658,329.7429488671826,177.88944586858534
1776720340.4406161,2,148.80725045038037,329.776605928788,176.75848016324375
1776720340.4716606,2,149.79706845161894,329.8999250218291,175.66172070712736
1776720340.504423,2,150.5952337814939,330.18156208786473,174.594844475616
1776720340.543023,2,151.2578783717894,330.6095007354107,173.55377578699927
1776720340.5865712,2,151.8279002987197,331.1089689519641,172.53821225136423
1776720340.6134899,2,152.373989826333,331.6375433905581,171.5372130090264
1776720340.648224,2,152.93935498885008,332.21784839614196,170.53943926147284
1776720340.6834788,2,153.52430621173548,332.8485637210576,169.55906989697945
1776720340.7137017,2,154.20053129343526,333.48513508261146,168.61983714454627
1776720340.752198,2,154.92501693039412,334.1370602138132,167.71607565372418
1776720340.785405,2,155.72365871519705,334.7731566842731,166.86889189649287
1776720340.8138359,2,156.6064803484034,335.46810608783096,166.0680751883844
1776720340.84552,2,157.5452595073613,336.27339707114595,165.26528919353882
1776720340.8840322,2,158.43299371231163,337.1797771404121,164.52088757361207
1776720340.9139686,2,159.13213373433817,338.18467911561686,163.85884094600235
1776720340.946938,2,159.51905686196844,339.23460706005346,163.27018730042008
1776720340.9840574,2,159.61042649225084,340.3363085447743,162.75651210162644
1776720341.0158446,2,159.63235800185768,341.3686586761351,162.1974952799281
1776720341.0381835,2,159.6217333832382,342.1640421050975,161.6323404610089
1776720341.0630088,2,159.4994326513903,342.91980698867206,161.07119942716474
1776720341.0947912,2,159.31175478327637,343.656979065721,160.4499231872214
1776720341.1228182,2,159.1948829216621,344.3973846445135,159.73513193821398
1776720341.1546102,2,159.17345636839872,344.98283409909357,158.96036800649338
1776720341.183987,2,159.27305678991596,345.45746963112856,158.1208141456875
1776720341.2417665,2,159.590250440443,345.78350604664644,157.19919905971847
1776720341.2696297,2,160.0943067145376,346.01049661883394,156.26378537136782
1776720341.304597,2,160.85467260805947,346.05893470688426,155.3019879329548
1776720341.3338368,2,161.81872911483575,345.9491052691435,154.34808978361525
1776720341.3645644,2,162.8616560209488,345.7954138457975,153.46596455916378
1776720341.3937366,2,163.96995443301657,345.5820776460301,152.64691117789232
1776720341.4258091,2,165.05845243722064,345.4391297913011,151.85548329383738
1776720341.4593215,2,166.0293915655082,345.4282721534854,151.1348749553238
1776720341.49147,2,167.07496842047829,345.6259120109166,150.59042641602673
1776720341.5212042,2,168.33436577182408,345.88817837414007,150.10332707285184
1776720341.5530324,2,169.59833614457781,346.18048555105526,149.65399453586625
1776720341.5838387,2,170.8142942237857,346.4986537454435,149.2311800323084
1776720341.6366155,2,172.23769820864138,347.14025839875364,148.62690319513436
1776720341.6691334,2,174.28770293169572,348.6701334101757,147.4430926024588
1776720341.6984012,2,176.58485123218082,350.5101910188739,146.22041369632905
1776720341.7282765,2,178.65287864433492,352.24379253067184,145.10268820262885
1776720341.7617536,2,180.34268174032175,353.8768565241435,144.0941804442788
1776720341.7936084,2,181.77899670019283,355.4617634203877,143.21514309400226
1776720341.8315225,2,183.0726479140049,356.8943755194157,142.48440866252324
1776720341.8652475,2,184.1519309031497,358.17928168249114,141.93401751007875
1776720341.8995485,2,184.67888453044048,359.3728494385051,141.52988126733862
1776720341.9332066,2,185.69522568315176,360.73265055372093,141.07839463671306
1776720341.9653807,2,187.04882648038551,361.603450529474,140.49543561674497
1776720341.9911504,2,188.3537960337156,362.51002717990485,139.76680531572106
1776720342.0417526,2,189.38950272830067,363.3667272132147,138.8831081820077
1776720342.0720482,2,190.09022932216652,364.33498186171954,137.95403725419717
1776720342.1055884,2,190.3887357545636,365.3877580975759,137.1129061326326
1776720342.1478848,2,190.03357090104043,366.3804703736022,136.3955255043677
1776720342.1855333,2,188.82166308908543,367.768344207859,135.85679740535886
1776720342.2156441,2,187.2777082647503,369.3021371121604,135.37502875395862
1776720342.247482,2,185.7922596560819,370.46076256319054,135.03784664381078
1776720342.286202,2,184.28846345272177,371.01632327870095,134.61355910230026
1776720342.3187876,2,182.70463577988528,371.2586718718383,134.08568962994084
1776720342.3461916,2,180.97118411875033,371.2402566062765,133.37475840535427
1776720342.372925,2,179.13901165629798,370.9251220375926,132.56342536668075
1776720342.4025738,2,177.1136352498615,370.3048560665643,131.42823549337626
1776720342.4457638,2,175.1281944319765,369.3905043994037,130.27106979955678
1776720342.4852889,2,173.6057337176421,368.16517364560497,129.21734986202148
1776720342.5112576,2,172.6216604822388,366.83493002387667,128.26975727671845
1776720342.5473955,2,171.8376862652387,365.3900680828005,127.3599304110364
1776720342.5730352,2,171.1760455123844,363.86381273057594,126.34773025969928
1776720342.5963225,2,170.93129987094497,362.2614938004834,125.27453868254143
1776720342.6340828,2,171.12538706067784,360.59281846552466,124.25610013754581
1776720342.6682916,2,171.37980281190454,358.88565170722194,123.14837502811746
1776720342.6974478,2,171.63249476582087,357.25845937707226,121.80053559761015
1776720342.7273433,2,172.1273617527132,355.66574011943504,120.50750415864432
1776720342.7644775,2,172.9873153585066,353.9686405090251,119.39256083058521
1776720342.8047338,2,174.09290718794963,352.1787188726042,118.31208048984055
1776720342.8420663,2,175.23686171462862,350.2999471203091,117.13620437869403
1776720342.8862045,2,176.3280812920799,348.29045910167196,115.8456552045833
1776720342.918226,2,177.33648526493857,346.18639308775425,114.38194654457588
1776720342.9442787,2,178.56154774790497,344.15167810905274,112.92525290432872
1776720342.9864616,2,180.22074480722495,342.3585738823116,111.74279723409734
1776720343.0156004,2,182.12419244043892,340.69834456539695,110.83741507692935
1776720343.0462508,2,183.637069240416,338.9636242610568,109.83642605756097
1776720343.0875642,2,184.84167303253722,337.14689775981424,108.7314312009714
1776720343.1184862,2,185.97920264960726,335.33619605588706,107.82440857206687
1776720343.151126,2,187.0592734653655,333.5978954228387,107.1064008102633
1776720343.1920164,2,187.95074431836738,332.1698534074741,106.36646016804144
1776720343.2189803,2,188.7733985879344,331.0091167320613,105.73992479202263
1776720343.2497594,2,189.58136901591598,330.0546265105462,105.18296952098548
1776720343.2872128,2,190.39532272180313,329.1276814734167,104.58908034389559
1776720343.3113286,2,191.28720449107286,328.11211542793524,104.00679343170881
1776720343.3488865,2,192.3452204710955,326.9619286067656,103.46416703957962
1776720343.389678,2,193.5696578199114,325.66940851637025,103.04576222421599
1776720343.421895,2,194.82401794898914,324.32082398426417,102.76771318713112
1776720343.4444458,2,196.14929734697384,322.941908415685,102.53306960432174
1776720343.4710689,2,197.63982749147445,321.46319768424974,102.31441103413802
1776720343.5051358,2,199.38727574138798,319.8905670410206,102.15006168298589
1776720343.5356517,2,201.4988606024485,318.2335784041593,102.19502143078476
1776720343.566924,2,203.97570515066644,316.59900750915534,102.47662579719209
1776720343.6007252,2,206.6883675668314,315.04642657428303,102.9451735460058
1776720343.6425393,2,209.41159656193275,313.53594459599003,103.55727103736497
1776720343.6737618,2,211.83114188128107,312.2464407082688,104.19114995028005
1776720343.7059877,2,213.82395328895825,311.21928971467673,104.7355747682582
1776720343.75132,2,215.182629941477,310.4230908051436,104.97332783369406
1776720343.7897007,2,215.81054256055933,309.8057646972741,104.86389088897646
1776720343.8237274,2,215.85703805947367,309.3431395654566,104.48326743849142
1776720343.8561025,2,215.54420842001412,309.0065366351598,103.91853479272922
1776720343.88728,2,214.9695828687863,308.7958775350403,103.2890102751399
1776720343.918382,2,214.18460610801947,308.71362352118456,102.64244962835375
1776720343.9412534,2,213.35176283971188,308.71415353162996,102.03886567187072
1776720343.96544,2,212.597737291533,308.7790349860367,101.48202853693601
1776720343.9975553,2,212.06339021317967,308.833712528482,100.91215529306803
1776720344.033334,2,211.83774764673143,308.78550186935496,100.31573552384928
1776720344.0658066,2,211.90319168490967,308.6351102807533,99.78641987893424
1776720344.099101,2,212.2140686198131,308.3980342884753,99.42241206499664
1776720344.1299593,2,212.59615750671497,308.17914460865245,99.16658756062658
1776720344.1627233,2,212.87117096537042,308.03251806232544,98.89893532136905
1776720344.195144,2,213.01739017461895,307.9180733635454,98.5511139402841
1776720344.2297952,2,213.1441359163375,307.7209220774601,98.13767914432029
1776720344.260094,2,213.3435336563202,307.4780467490001,97.63201740682128
1776720344.2963736,2,213.5819128530216,307.2395622285484,97.04000568687702
1776720344.330026,2,213.85222429060042,306.98230063622117,96.45112042993573
1776720344.3723094,2,214.09575037169265,306.81903257241413,95.81641580615866
1776720344.3982947,2,214.18189075657403,306.85015967141203,95.01224730315575
1776720344.4408028,2,213.99139252508098,307.1890870337903,93.93532221851395
1776720344.4817975,2,213.30344777351453,308.08590762025614,92.4011563249179
1776720344.509505,2,212.1226057249347,309.6698417066988,90.37838816207815
1776720344.5319543,2,210.6388560225414,311.55509782965254,88.10870666408744
1776720344.5710309,2,209.25538697542427,313.14338124833193,86.02223675345967
1776720344.606295,2,207.78576895524725,314.6165217337415,83.99468506382179
1776720344.638797,2,206.14146700816292,316.0610813797997,82.00609577984942
1776720344.6729822,2,204.54802392350393,317.2298881951335,80.31590626061111
1776720344.7148168,2,202.9969670141616,318.12613735899185,78.97744475284645
1776720344.7564561,2,201.50833113471177,318.9333090742381,77.8617257866594
1776720344.7859938,2,200.15866830411704,319.554973690824,77.06399343570305
1776720344.8203378,2,198.77724772888138,320.03989415651824,76.54379588735819
1776720344.8537993,2,197.2145206356281,320.6004675549516,76.09606664303215
1776720344.8839874,2,195.52664216368026,321.2527756862126,75.69464277779609
1776720344.922665,2,193.79014998639082,321.9518724921947,75.33289698627554
1776720344.9717216,2,191.90548933243838,322.6562779399325,74.9137579083018
1776720345.0145688,2,189.77355508251898,323.1064232778068,74.38689278740196
1776720345.0594325,2,186.44426136173334,322.71389732965525,73.68766670162852
1776720345.0886624,2,182.68506535184179,321.92522533892605,72.67530120475801
1776720345.114663,2,178.85488042425314,320.98573993675245,71.90121156777363
1776720345.1563609,2,175.21086952244372,319.81951476101057,71.09868064153879
1776720345.1924653,2,171.70526402507627,318.43995097480615,70.24301934946591
1776720345.2245457,2,168.35907667445764,317.05017694072507,69.3065743883412
1776720345.259062,2,165.36118627259515,315.8297707617033,68.33164518743443
1776720345.2869616,2,162.526395971903,314.4540845883313,67.51621020829495
1776720345.3211987,2,159.73015219118696,312.7103022227782,66.76010004409234
1776720345.3563797,2,157.0890639768307,310.4674931545234,65.8945725323464
1776720345.3914163,2,154.60805644851263,307.5636195222626,64.9886813116163
1776720345.421412,2,152.3291228846845,304.06872528270685,64.12619499261838
1776720345.454779,2,150.3008236983712,300.18095179141153,63.36336380981313
1776720345.4922574,2,148.4427189918324,296.07261844872926,62.74798252409628
1776720345.5190198,2,146.49286634601927,291.85299292012024,62.29515482348679
1776720345.5587623,2,144.2559628674888,287.56177465126893,61.95541549388423
1776720345.591566,2,141.3878883666592,283.1244853285173,61.65904129700735
1776720345.6319118,2,137.4944532540093,278.3852523642493,61.35850055468649
1776720345.6590304,2,132.1371991286273,273.23658841035825,61.022614643846964
1776720345.6869457,2,125.46623454923456,267.79987404026247,60.56798110888305
1776720345.7222848,2,117.9838307743691,262.27286109379713,59.85478998710194
1776720345.7539132,2,110.30771737493866,256.86197381551915,58.78215915611709
1776720345.793045,2,102.69912942835262,251.73476068001264,57.5485815007551
1776720345.8373253,2,94.81708779383078,247.02893396745966,56.41266579297718
1776720345.8678882,2,86.42975648814856,242.82484924495347,55.46065689179467
1776720345.8951044,2,77.80682140740907,239.20290480600357,54.62315996741639
1776720345.9229248,2,69.58780313066735,236.14453039989763,53.72743555795368
1776720345.955287,2,62.297289740916625,233.73855544572905,52.762242188977474
1776720345.9842653,2,56.49966003210659,231.7585925222998,51.92981041691652
1776720346.018124,2,52.55439526378668,229.9598571102151,51.14132704914935
1776720346.0526059,2,50.04863987477452,228.48186543770058,50.36421933529041
1776720346.091795,2,48.534190939677046,227.36747929631827,49.47651431509859
1776720346.121812,2,47.97976879479576,226.57808190250287,48.406497603088205
1776720346.151732,2,48.14373129769947,226.1668132962999,47.372897334888435
1776720346.192087,2,48.58597330245175,226.36247965945884,46.50247680943937
1776720346.2375534,2,49.33557888949413,227.29854536246756,45.752985003562515
1776720346.2619605,2,50.87025115850871,228.93937091879434,45.11598977282699
1776720346.3065372,2,53.410740910142934,231.34785003351976,44.48124636778477
1776720346.3364656,2,56.91326032238329,234.3405929028282,43.866424183576164
1776720346.3681183,2,61.46367607777157,237.73574925693282,43.2525687722787
1776720346.4063015,2,66.88649401870211,241.49767376106144,42.85500966566785
1776720346.4394698,2,72.67421225707503,245.55506181616377,42.87877078855655
1776720346.4654715,2,78.12337190729227,249.97283195479906,42.916935844963575
1776720346.4934304,2,83.71494338801037,254.35702907586247,42.870412054302314
1776720346.530817,2,87.88307425594739,258.72610879398775,41.92147690591741
1776720346.5565228,2,91.70573745967751,262.54769542193185,40.10569512482922
1776720346.5832314,2,95.7107028339267,265.7768531019284,38.000280624827276
1776720346.6126995,2,99.99075615990438,268.8443529700045,36.144118205313895
1776720346.6492174,2,104.16928120814379,271.8606285132612,34.60510765803692
1776720346.6943717,2,107.9048235552641,274.8128603605112,33.11327972829073
1776720346.7325613,2,110.95528267701003,277.65211213425823,31.629146999010544
1776720346.759866,2,113.215446082639,280.52224092893755,30.277666410788555
1776720346.782147,2,114.6586574193043,283.58640745136074,29.022772229151492
1776720346.8142965,2,115.68401668560898,286.57766637288944,27.69363950689417
1776720346.8434982,2,116.55223795175527,289.5029010902727,26.36802465889209
1776720346.867055,2,117.39827963985518,292.3053030620804,24.969990600288803
1776720346.895645,2,118.2411923471396,294.9534309453947,23.46869681178722
1776720346.927808,2,118.99451818121892,297.6702666125701,22.007503888872325
1776720346.9597902,2,119.68506818967126,300.2838741166988,20.624356281566577
1776720346.9808724,2,120.36756136631384,302.6672650470889,19.29488501382104
1776720347.01215,2,121.04041552027259,305.0623746413234,18.073934145056917
1776720347.042432,2,121.78418453327996,307.3847128450673,16.881504899064147
1776720347.0658529,2,122.59359187738258,309.6565780492731,15.703020409467547
1776720347.0996833,2,123.37347659371765,311.97334880964195,14.512910831804845
1776720347.1298287,2,123.99321230094229,314.35099170776624,13.243302877770825
1776720347.163479,2,124.35096337851485,316.94575817178907,11.929394919839433
1776720347.1878839,2,124.46209306644778,319.70300650262203,10.614855456652007
1776720347.2374244,2,124.55086917999864,322.24765465023063,9.365951021817752
1776720347.2728188,2,124.8405214819771,324.49840156237383,8.320396786537783
1776720347.2986584,2,125.469819323717,326.25757523781795,7.428995879944698
1776720347.3297231,2,126.4291571316527,327.64488011587974,6.716576002473536
1776720347.3629482,2,127.67141570181685,328.71582425146687,6.248816857486333
1776720347.4066856,2,129.20719736372632,329.4872322979819,6.033706601701163
1776720347.4406435,2,131.11423020162576,329.95318799466617,6.069283448032924
1776720347.4765673,2,133.44822738134704,330.0857125129263,6.258227716177279
1776720347.5011718,2,136.13181434427364,330.01135303920194,6.573804720217375
1776720347.5402768,2,138.9664127146594,329.8290882853235,6.938198300540894
1776720347.571264,2,141.81021359533207,329.6406440721157,7.285141798709518
1776720347.6061454,2,144.651251662305,329.4419503776323,7.561020327853768
1776720347.6479168,2,147.56645231178638,329.20154700841147,7.70601134470061
1776720347.693579,2,150.7088511004362,329.09455130354763,7.852455934484084
1776720347.7428434,2,154.28175831319155,328.7857321381731,7.989599069628165
1776720347.7920668,2,158.3902408958173,328.24250623658276,8.168699583269241
1776720347.8324406,2,162.82003645488723,327.73508198439583,8.318483279226026
1776720347.8621821,2,167.35346533875497,327.351700140167,8.359700668341898
1776720347.887716,2,171.8159865146522,327.1528391128975,8.303912188287017
1776720347.9278836,2,176.11310032401443,327.0255815751393,8.230982870264326
1776720347.9632769,2,180.25503245408046,326.9696150772801,8.146552412422578
1776720348.009665,2,184.368401574168,327.1426340077437,8.055065385092783
1776720348.0556872,2,188.63904529077567,327.6607146802561,7.989057897046862
1776720348.0951755,2,193.22781231824513,328.6502277879796,7.905844412232549
1776720348.1395538,2,198.19093509673417,330.0013280073172,7.835446193607671
1776720348.164613,2,203.46527798145817,331.41485289107453,7.811839182707834
1776720348.2060027,2,208.93163464871998,332.9661885513055,7.812638861187248
1776720348.2378397,2,214.7468622856247,334.5937422511707,7.866683563386015
1776720348.285128,2,226.17629852437219,337.1328299657897,8.044141056749796
1776720348.326308,2,236.84028364944697,339.3747542880256,8.229161893190762
1776720348.3548126,2,246.77346779056475,341.30520152611246,8.385336240599479
1776720348.3904343,2,255.96476684127964,342.72239230250807,8.658667884265158
1776720348.4228656,2,264.49454729361116,343.3291058706982,9.123644541889984
1776720348.464921,2,272.35512392348323,343.04076186294964,9.722563294669905
1776720348.5031471,2,279.510096075327,341.97248836412064,10.35830968995438
1776720348.538881,2,285.93664722066177,340.2297360490129,11.040311657872776
1776720348.575775,2,291.56643348371705,337.89868060184494,11.812704213196094
1776720348.617036,2,296.0867850545949,335.3615786655095,12.703909919183882
1776720348.663404,2,298.66771690197226,333.95758906343826,13.250541263112947
1776720348.7057414,2,299.80143282202374,333.2752148987446,13.17829030274045
1776720348.7530875,2,300.6954779439767,331.70515343761133,13.226913558444059
1776720348.7974808,2,301.0412502459992,329.77396247864687,13.351370167030511
1776720348.8351388,2,300.5535037546156,327.82530680659715,13.462112619381045
1776720348.8712041,2,299.1709940917825,326.21584540706885,13.336698352932457
1776720348.9167755,2,295.83085018133806,323.4868753818408,13.595729175413197
1776720348.9636965,2,292.7135747091423,321.0320683689693,13.919422458344586
1776720349.0099404,2,289.7452828694585,319.0720615831071,14.379595085756836
1776720349.0496483,2,287.3852178691768,317.1234449123248,14.868883507709873
1776720349.0822515,2,285.67693724010405,315.16383773485654,15.470596555388822
1776720349.1088057,2,284.5425777603259,313.4876199039353,16.26145810121964
1776720349.139918,2,283.75518233973094,311.61231024773224,16.955513867573465
1776720349.1772423,2,282.6442656067545,309.93939733635625,17.601944169777465
1776720349.2103105,2,280.99235333097175,308.5015913816695,18.104435340522706
1776720349.253976,2,278.9010960729545,307.21677380564773,18.50117765051388
1776720349.2951221,2,276.31874719613,306.3128573662688,18.855174872760326
1776720349.3385308,2,273.4584110710064,305.6653085893884,19.277452677111334
1776720349.3781025,2,270.44699376180415,304.97210821776474,19.885956755902676
1776720349.4132094,2,267.4344009016396,304.2364124535666,20.810896300863988
1776720349.4978805,2,265.0528136123604,304.33336008144664,20.376704285145156
1776720349.5296614,2,262.80510247134447,304.7841848992462,19.445978522302116
1776720349.5602565,2,259.7632711201796,305.16021225687393,18.2935598541611
1776720349.590669,2,256.1333722006158,305.7649999570251,17.021102500572383
1776720349.6362548,2,252.34070360145807,306.42145214693653,15.742531021339653
1776720349.6710267,2,248.53060523725955,307.0238422351127,14.493787547981356
1776720349.701619,2,244.617314021969,307.49234825101087,13.254112848790465
1776720349.73266,2,240.64580020888934,307.80198000764364,12.036943163328688
1776720349.7679648,2,236.9859072790817,308.02368712238274,10.910080032430436
1776720349.8040595,2,233.7963656971502,308.14582720219596,9.898017298170082
1776720349.837748,2,231.07426024171687,308.15486287876115,8.979829967243246
1776720349.8765435,2,228.79276131900042,308.1271368548777,8.162834367285893
1776720349.9077208,2,226.8917204141693,308.05213436391426,7.38978949351794
1776720349.9452713,2,225.14596913517434,307.9793780218623,6.663780489191166
1776720349.9758356,2,223.39996620442824,307.66630807365476,5.8526073061885615
1776720350.0057247,2,221.4919128093602,307.2942203528515,4.698693922114613
1776720350.0406454,2,219.27077311829234,307.086490866891,3.604702283357365
1776720350.0782392,2,216.8151472180232,307.01324509175777,2.6702642330457826
1776720350.1119375,2,214.18123515336183,306.9136531499806,1.8791778467065472
1776720350.1441898,2,211.22186040537747,306.9314283427096,1.1937465250036334
1776720350.177726,2,207.71686251882466,307.1096285355991,0.6286214047620737
1776720350.2146268,2,203.65515984006538,307.4466216916334,0.14629207520582893
1776720350.264178,2,199.19631062351215,307.8801151964152,-0.2522847832665507
1776720350.310909,2,194.40543999085082,308.29267095607264,-0.5296215235442834
1776720350.3495152,2,189.31753428319732,308.6843944058764,-0.7671516419933156
1776720350.3969193,2,183.91431647115806,309.05341820921825,-0.9181536040714325
1776720350.4276166,2,178.2485649133592,309.37738616713915,-1.0044174476343704
1776720350.4544258,2,172.3860400614058,309.6679713377413,-1.0628699887338258
1776720350.4931705,2,166.34549522437663,309.8992899016052,-1.1185663676709088
1776720350.5208359,2,159.9842846601046,309.9985999530892,-1.2129272725977869
1776720350.55277,2,152.87980954186997,309.6341466924431,-1.3886062425149173
1776720350.5872314,2,145.37391594821906,309.14621129086026,-1.5528923612437282
1776720350.6269567,2,138.1587869500924,308.79173902039486,-1.5864618136513877
1776720350.6766827,2,131.3759761624401,308.5689702201697,-1.5294536103374168
1776720350.726291,2,124.90082585535338,308.4596149991402,-1.485466633839478
1776720350.7628984,2,118.54406297528594,308.4582784071606,-1.4793019137297831
1776720350.7950885,2,111.9756511916621,308.5162917043318,-1.486706802838114
1776720350.8359923,2,105.03278372537154,308.6367387444501,-1.5155531570264902
1776720351.0597663,2,94.77972393581035,308.76418752364526,-1.0701025763570282
1776720351.0924687,2,87.87903976761083,308.7634991587182,-0.6438225846503022
1776720351.125355,2,83.93794666195225,308.7983076901991,-0.27119854794129816
1776720351.157283,2,82.38921299964177,308.7667032152954,0.03250153554885529
1776720351.1901116,2,82.97233852496358,308.7744436702609,0.30726353164594
1776720351.237023,2,85.58647359252505,308.9139518757874,0.5690124182929588
1776720351.2734044,2,89.97906588281461,309.09458494726266,0.7819479663321225
1776720351.3029053,2,95.81874648441696,309.27962879849963,0.9389771535835151
1776720351.3381646,2,102.88526223723653,309.4661905014067,1.0853344960089386
1776720351.3711424,2,110.94621695752387,309.6857737039036,1.217424364632085
1776720351.410422,2,119.58083422662851,309.74139633517814,1.291187010615891
1776720351.4544086,2,128.57990103166213,309.6598087404933,1.3239171487728612
1776720351.5006588,2,137.7779240780493,309.49497908741887,1.3475392321155781
1776720351.527801,2,146.87494024882346,309.21623728434434,1.3709604495197636
1776720351.560745,2,155.7294492829234,308.8292707693881,1.3999370731270195
1776720351.5931582,2,164.26807022710614,308.35972833186287,1.42439749613648
1776720351.621496,2,172.35830814565355,307.7574895907113,1.3881858492423083
1776720351.6570373,2,180.1205652371254,307.0221766852816,1.2892955656389675
1776720351.6970086,2,187.9125019433473,306.3051034143027,1.18577388335093
1776720351.7396877,2,195.94297749044472,305.6444754513768,1.1222348903207977
1776720351.769061,2,204.37283677243437,305.131556343795,1.1183083593833942
1776720351.7954223,2,213.11254012939554,304.74805016980395,1.160225206216644
1776720351.831617,2,221.78661048186996,304.27882002490196,1.2030721142101053
1776720351.8555756,2,230.08613808064695,303.60254297529195,1.2328192190676455
1776720351.8863513,2,237.84665824861372,302.7330668567927,1.2455227639223445
1776720351.9273014,2,244.94461781833274,301.7978827178884,1.2614049807098489
1776720351.976142,2,251.17874045480178,300.7248685817682,1.2494767831604803
1776720352.0058508,2,256.6941899877824,299.6112368104896,1.217283579862691
1776720352.0459485,2,261.560750378625,298.4512780439715,1.2504774556510898
1776720352.070884,2,265.74169449243675,297.0809055500368,1.3445400129174376
1776720352.1097822,2,269.22322900494856,295.2674763677476,1.4453428418326502
1776720352.1375678,2,271.92567594519795,292.73367962439454,1.6084228799181686
1776720352.1734128,2,273.7097290121702,289.13364490713866,1.8266812156831147
1776720352.2044346,2,274.75670413062636,284.39686744163953,2.0673014860808823
1776720352.2326088,2,275.284779610476,278.62462772463095,2.315332447014795
1776720352.2699244,2,275.34349291737243,271.85165002339284,2.5497103256719686
1776720352.2994866,2,275.1359593684258,264.2621671873185,2.8013693528042882
1776720352.329561,2,274.84906591629147,256.0924430026748,3.0556494736733018
1776720352.3679512,2,274.5139213635158,247.55144484706818,3.350802801374346
1776720352.386677,2,273.9207259331968,238.63234375047753,3.614154770296314
1776720352.4188068,2,272.8136008919429,229.25970050712232,3.8366506339818316
1776720352.4485085,2,271.1316776063931,219.54767342281804,4.0226852969526465
1776720352.4672804,2,269.05724389871415,209.78291343438084,4.217706533438359
1776720352.4986436,2,266.76459726893245,200.22873145318704,4.434771637752064
1776720352.5291219,2,264.4156404782051,191.08228714898655,4.6243720581596905
1776720352.559725,2,262.34416289411416,182.71807842238505,4.79344133092119
1776720352.5951529,2,261.13709870558137,175.64285027401044,4.945995841946423
1776720352.6306794,2,261.4168058505558,170.46198866916959,5.1290459060329665
1776720352.664704,2,263.4095423220612,167.50224751897494,5.327254525730657
1776720352.6965585,2,266.86764496832706,166.70579236259275,5.509643837666365
1776720352.729077,2,271.32384405712156,167.70068497146286,5.635573081202547
1776720352.7600727,2,276.5562112906203,170.28851899801418,5.704773489520457
1776720352.7913294,2,282.0421691053552,173.938329796667,5.649078222767474
1776720352.8490355,2,287.6315797977884,178.32014517445324,5.464614292421786
1776720352.8881047,2,293.71866486027335,183.54649167773047,5.245498940187376
1776720352.9313025,2,300.0537334860912,189.31014151551048,5.057134422828506
1776720352.9775102,2,306.3610630148527,195.32849473715743,4.907577682750085
1776720353.0318527,2,312.5426624196602,201.47804923956932,4.764700683229006
1776720353.0728548,2,318.51927641292104,207.78862200920062,4.653503059085593
1776720353.1060147,2,323.9349017899582,214.0379529778061,4.545268926379747
1776720353.1396172,2,328.6477559412706,220.06966490605078,4.413606629387604
1776720353.1728523,2,332.47544545753743,225.69776261007573,4.284151778333068
1776720353.2062938,2,335.03330379648946,230.51013364327605,4.174069894091022
1776720353.2350125,2,336.17634469141683,234.27206994123273,4.089778395579339
1776720353.2753446,2,335.73972119651796,236.65252527364245,4.011568903764065
1776720353.3179083,2,333.74809064381617,237.49630935794605,3.9619040107483587
1776720353.3564525,2,330.5309341960787,236.79830007215915,3.9963845388128028
1776720353.3944137,2,326.2989943237442,234.64084234259423,4.113535054734597
1776720353.433143,2,321.1020873411812,231.04379147860348,4.296854606242873
1776720353.4590912,2,315.07416855550196,226.24088143652608,4.501869330107208
1776720353.4890785,2,308.2623827415106,220.50220724107226,4.711549906375491
1776720353.5262597,2,300.75661932901187,214.13277170009405,4.8985401258729775
1776720354.304775,2,255.2640529836371,195.6186749684469,3.744896957636979
1776720354.3330488,2,220.30166038759202,182.00572605606982,2.908341344401977
1776720354.3649538,2,194.026148778767,172.35489416972604,2.274600418847409
1776720354.3912694,2,174.53133939074021,165.5910759598314,1.7233106356126933
1776720354.4446673,2,160.28644523256185,160.84629904216393,1.1502542989492437
1776720354.4875677,2,150.3116457621346,157.4216103340585,0.5585990412428523
1776720354.5162804,2,143.94384887260986,154.95530696960046,-0.010511573715358151
1776720354.541797,2,140.4318861919443,153.177801155983,-0.5139978249212891
1776720354.5783002,2,139.31104676181633,151.87401250792848,-0.93229045118531
1776720354.6047502,2,140.18089149944439,150.95021950381138,-1.2433067337723258
1776720354.6377463,2,142.72278782629212,150.5094071103339,-1.3632585188017816
1776720354.6821034,2,146.26352758325845,150.2816092650828,-1.4145947346054177
1776720354.7099125,2,150.1306571315777,150.01334241920952,-1.4113143633006386
1776720354.7385297,2,153.63883956080105,149.40483704951887,-1.4498674293554321
1776720354.7777605,2,156.37904813899897,148.3692187775436,-1.5124811143273529
1776720354.8059106,2,158.22196703040396,146.983131412954,-1.561246658435574
1776720354.83711,2,158.9792203353103,145.22351875056683,-1.6314835388638138
1776720354.873891,2,158.7353752584954,143.21655879480477,-1.7093411146773267
1776720354.9051125,2,157.79883974776803,141.11066109911422,-1.764468967411809
1776720354.9290104,2,156.2530091568633,138.95185109103792,-1.8120359430575443
1776720354.9607458,2,154.24213379657343,136.7982854657085,-1.8692995589231591
1776720354.9908376,2,151.85356012622086,134.67709092645543,-1.9292241450837353
1776720355.02517,2,149.15962236138697,132.6411894589651,-2.011332339093632
1776720355.05602,2,146.13200821263052,130.67406832715773,-2.109584154319054
1776720355.089204,2,142.88388359861824,128.79613746006828,-2.240373869748517
1776720355.1212764,2,139.5231373661197,127.01580566097203,-2.376449804525751
1776720355.1559327,2,136.09619828913134,125.32990556961279,-2.5150790912607057
1776720355.1846986,2,132.65778703748055,123.71466557896868,-2.6686844364015654
1776720355.2156773,2,129.2107862249322,122.20627851643414,-2.7966219171561377
1776720355.2689006,2,125.67632105085221,120.76223635208657,-2.9271963936513137
1776720355.300232,2,121.81884696946237,119.31808624633784,-3.0691675286923954
1776720355.3330948,2,117.41825831251018,117.77961134213628,-3.2429578209207506
1776720355.3594165,2,112.47616335282038,116.16023071622118,-3.442177040456362
1776720355.3947468,2,107.16363048182288,114.5101814588187,-3.661600809769957
1776720355.4291325,2,101.94585853603978,112.9934211080624,-3.8869252401953216
1776720355.4609022,2,97.0646674635677,111.62703245673475,-4.081004533612989
1776720355.4909554,2,92.47078606355666,110.3721439400683,-4.260517464777999
1776720355.5246398,2,88.12594691358034,109.21052397452436,-4.398873433354357
1776720355.5655022,2,83.9013698960919,108.10824486222499,-4.528517072882478
1776720355.5900218,2,79.59395907143795,107.05062937604028,-4.65456576197675
1776720355.6238446,2,75.16733728513219,106.06809436477012,-4.784688800452394
1776720355.6782389,2,70.65263147040031,105.11733212745737,-4.915333836087758
1776720355.724277,2,66.5011957493767,103.64721579778099,-5.066472057932014
1776720355.9402835,2,63.582549666543194,104.05746314156485,-5.159989279483023
1776720355.9765992,2,62.180072612212896,105.47606843293327,-5.193892166147491
1776720356.0010948,2,62.5023144941692,107.46463351257974,-5.152247945543266
1776720356.0388358,2,64.36433303446455,109.97777770710024,-5.000404349202297
1776720356.0656533,2,67.52241998501785,112.9192603102722,-4.846223886993786
1776720356.0877192,2,71.74491003129727,116.23924821770922,-4.689991127992331
1776720356.12974,2,76.90637768686953,119.86426733876127,-4.524053896445989
1776720356.1575854,2,82.85591823559685,123.69087692572963,-4.358658998908506
1776720356.1901686,2,89.31084249547425,127.59978252102654,-4.211152923574405
1776720356.2178884,2,96.21314542507827,131.5765629295793,-4.057700484186025
1776720356.244301,2,103.34305365895428,135.55180160761034,-3.9197346497790586
1776720356.2706084,2,110.3724956351942,139.43581693504422,-3.776483507746569
1776720356.3056812,2,117.03321913305815,143.1237293994568,-3.6660007867188993
1776720356.3366113,2,123.14206957655966,146.5603767462691,-3.6174248564986047
1776720356.3752801,2,128.78707374527315,149.8218900774292,-3.565400729894016
1776720356.4160829,2,134.03248218647744,153.0362947382529,-3.523475973135573
1776720356.4475846,2,138.7244682866188,156.17969737995406,-3.5081579504304554
1776720356.497387,2,142.89087955578117,159.2889164023685,-3.50340266260422
1776720356.540648,2,146.62661380640264,162.41829747530807,-3.5053827011346734
1776720356.5871918,2,150.0626024212462,165.65551692678116,-3.4899915460782847
1776720356.6308508,2,153.16149842436124,168.9351145687362,-3.481796652595729
1776720356.671471,2,155.94219391635264,172.25473960309242,-3.482147064793184
1776720356.7169008,2,158.46529786378107,175.61324443337276,-3.4741537524882
1776720356.768879,2,160.81646503761527,179.01568381975028,-3.450660501287484
1776720356.8072772,2,163.98562115289855,184.41734850640364,-3.48235323415559
1776720356.8493621,2,166.9654306453178,189.47613776822223,-3.514920102711088
1776720356.8747234,2,169.64736496439318,194.18764922891532,-3.5644174319630553
1776720356.9090712,2,172.05274457021676,198.59487331217986,-3.6549352628680536
1776720356.93973,2,174.2817638201573,202.65750498634696,-3.711832377945571
1776720356.9685812,2,176.47168845530808,206.4356079330273,-3.7476063781767124
1776720357.0069299,2,178.64097413630674,209.9108930384137,-3.758325270403569
1776720357.0330193,2,180.9112053588703,213.16151717290492,-3.7658899382397406
1776720357.082072,2,183.46162117048058,216.35560325991094,-3.797771645459549
1776720357.1294365,2,186.17442387236065,219.51333599377224,-3.8550254611816532
1776720357.1700933,2,189.02579212348147,222.65710017787558,-3.9177812188226238
1776720357.2051318,2,191.9851029765046,225.77291145732693,-3.919787061993184
1776720357.242023,2,195.12434730035253,228.87189386880038,-3.934366859551796
1776720357.2746487,2,198.25362089524225,231.8200370186752,-3.925608473781364
1776720357.3209896,2,201.4786334693532,234.72821003493226,-3.9598464447765243
1776720357.367281,2,204.83997446481456,237.76978659382985,-4.00380456844214
1776720357.3995993,2,208.33610343164008,240.9712769013747,-4.075560466001262
1776720357.4289763,2,211.9329012075138,244.36334482881662,-4.160363657369963
1776720357.4669812,2,215.65294304955998,248.03616768793614,-4.263760323412091
1776720357.4920309,2,219.42279269970953,251.95619848488218,-4.3737622308017805
1776720357.531975,2,223.09680965269172,256.0101509834426,-4.491630430092044
1776720357.5799575,2,226.7946748758271,260.2355254924661,-4.590548570691111
1776720357.6155741,2,230.56611933857417,264.73117782944524,-4.590150710688491
1776720357.6443255,2,234.28195764790124,269.40710533231766,-4.529004229430538
1776720357.6743734,2,237.72536748224604,274.1720812544109,-4.403200750090579
1776720357.7048373,2,240.89806210857566,279.03190332219117,-4.266115997046665
1776720357.7383626,2,243.94828010061136,284.0007408972126,-4.1579285378700614
1776720357.7729573,2,246.88901301778418,289.04758652500016,-4.075770534071197
1776720357.8026166,2,249.85202780864944,294.2617300475628,-3.9456970558920936
1776720357.8364809,2,252.89331154048398,299.58784738081255,-3.7444250206928698
1776720357.8652213,2,255.91648208074307,304.7806497153487,-3.4753790388157864
1776720357.9004843,2,258.7338430562915,309.627232527598,-3.1415955173986094
1776720357.9365501,2,261.3114128165781,313.9698007351775,-2.831600648908286
1776720357.9729364,2,263.71856657181365,317.8321184283853,-2.5811713412486768
1776720358.0080914,2,266.0727020378126,321.23086538499007,-2.356448069141855
1776720358.0428586,2,268.4224253421987,324.3038516174993,-2.115100635649587
1776720358.0876107,2,270.89432842008773,327.1531293043029,-1.9132820468559197
1776720358.1105132,2,273.4922805278014,329.85568632329347,-1.7747024986354545
1776720358.14005,2,276.23078550611183,332.4498877752229,-1.6420592254680382
1776720358.174367,2,279.1441472363208,335.01616817873503,-1.5015024222985127
1776720358.209416,2,282.20718493215236,337.64971397778163,-1.3497848764580185
1776720358.2421343,2,285.2398530515846,340.26326020979593,-1.2306044721711895
1776720358.2742863,2,288.2709729524854,342.91551448948405,-1.151610797462921
1776720358.30238,2,291.2781418809383,345.60194168839126,-1.1143925585019054
1776720358.3386216,2,294.1607886513514,348.2354251182145,-1.146106714294977
1776720358.3829873,2,297.0628721378013,350.8904162846717,-1.2186614927939536
1776720358.4161892,2,300.096338510202,353.56837231601367,-1.298484550477119
1776720358.4457905,2,303.3437770340764,356.2714095601824,-1.3672724109768888
1776720358.4699125,2,307.12940037912676,359.188115471708,-1.4559766530959957
1776720358.5058646,2,311.4948577082495,362.42101780835765,-1.5279084885219527
1776720358.5400214,2,316.48899186916856,366.00119881326316,-1.5774112526899646
1776720358.5780625,2,322.1434748052669,369.96990494733797,-1.5654662047572514
1776720358.607922,2,328.15309782171187,374.1415992924831,-1.519378867419093
1776720358.6383524,2,334.4834273118505,378.44597566206386,-1.527420513432746
1776720358.6793942,2,341.2035715382682,382.95561560098633,-1.553557822403879
1776720358.719609,2,347.92595371709814,387.4276718026593,-1.5843061216794814
1776720358.7434807,2,354.5953716670655,391.8975665495189,-1.6996636151432305
1776720358.777625,2,361.5245795902738,396.5513812734595,-1.8555237189388958
1776720358.8127754,2,368.506794377799,401.0936042465312,-1.984360695576369
1776720358.8466623,2,375.3484784562325,405.3365786287839,-1.9052938031475555
1776720358.874458,2,381.84624840335925,409.015587722409,-1.3611986678021588
1776720358.9027743,2,388.0707332545304,411.9417820534162,-1.0709498101638095
1776720359.5428526,2,401.7617321315547,414.630493176523,-0.8042932562584792
1776720359.5782554,2,412.0789005943677,416.3147660686018,-0.8646692945114148
1776720359.6216593,2,419.67891235018317,416.61621069268074,-0.8717038582433847
1776720359.6594265,2,425.22301333692667,415.83328616186105,-0.8330596801765411
1776720359.698877,2,429.2433056247519,414.2964310993815,-0.7797487034435868
1776720359.7228358,2,432.02374379857775,412.216336667869,-0.67976441083366
1776720359.754778,2,433.72579251730457,409.7517980343143,-0.5848943050426123
1776720359.7945862,2,434.49658016760753,407.05543962523535,-0.5122055711358281
1776720359.8243432,2,434.3355501303323,404.2412106777015,-0.4550777540292244
1776720359.8610654,2,433.25330567984383,401.3242864507749,-0.37534803948848006
1776720359.8834293,2,431.2046149930419,398.3044883343017,-0.3162543766794148
1776720359.9193945,2,428.1778073127074,395.20694265091214,-0.3064699089049019
1776720359.9522474,2,424.16696917378704,391.9802223893439,-0.27711684581284435
1776720359.9795074,2,419.3111090361354,388.6488278919854,-0.234649362300821
1776720360.0053651,2,413.7612294657497,385.15893616179636,-0.24473940042231132
1776720360.0480735,2,407.667424707048,381.51442526454935,-0.27112939767303945
1776720360.0786724,2,401.1711706591693,377.67050016305836,-0.29414105742014635
1776720360.1028621,2,394.4652301787977,373.6796925131493,-0.31395022534015427
1776720360.1396549,2,387.6911755521175,369.5826973979362,-0.33365996275470095
1776720360.1793838,2,380.94686984247016,365.38504998636097,-0.3515198581183165
1776720360.2243333,2,374.3137971106924,361.09236411132684,-0.3896981813190845
1776720360.245786,2,367.8171803324278,356.7300905606531,-0.40145533138505474
1776720360.280762,2,361.64121591099376,352.3990815027028,-0.3887195711750791
1776720360.3148904,2,355.68857549403185,348.1066707913311,-0.33921556995547
1776720360.3399794,2,349.8277972787733,343.80322375357935,-0.27832223669936024
1776720360.3737664,2,343.93279764534765,339.4839106658006,-0.20833916801956961
1776720360.406162,2,337.87109720276226,335.1103284623024,-0.1516095625312008
1776720360.4355888,2,331.65370470771995,330.8061280489243,-0.11717898359618065
1776720360.469123,2,325.2515177701578,326.5550422626671,-0.11855910374657902
1776720360.4998577,2,318.62975513131573,322.3451595317978,-0.17609385611214476
1776720360.5307417,2,311.87732774709883,318.29766690620306,-0.26541960091281314
1776720360.5575762,2,305.23655216572894,314.45118290654005,-0.32780762263806273
1776720360.5920982,2,298.83821582023825,310.8349178388575,-0.37658881110515796
1776720360.626459,2,292.7280598804688,307.4083198602221,-0.4082199482440548
1776720360.6527693,2,286.9693370591596,304.20846847470784,-0.43814188042141705
1776720360.6803849,2,281.4717050881807,301.15236914700614,-0.48151702335675095
1776720360.7136116,2,276.1688095322575,298.213857543416,-0.558975642358886
1776720360.7530344,2,271.07579347885275,295.45617816395344,-0.6591796579005746
1776720360.775232,2,266.2004421245063,292.8852429594912,-0.7618011324577908
1776720360.8140774,2,261.54273063133337,290.49518024666054,-0.8712099860988648
1776720360.8406057,2,257.0020551893598,288.2413851143352,-0.9761209954292105
1776720360.8656845,2,252.48200211498374,286.0794100093374,-1.1147015662448387
1776720360.8916795,2,247.9458826339218,284.0046872870116,-1.2644309341614839
1776720360.929558,2,243.3542648468771,282.02008619901613,-1.4041143460136927
1776720360.9609418,2,238.57885874014042,280.0401505717384,-1.5545995200279952
1776720360.9881449,2,233.50460009348103,278.0045335261563,-1.7213019328907808
1776720361.02058,2,228.12074823266587,275.88896027107717,-1.8934771301104507
1776720361.0606673,2,222.5093389462044,273.7075970350906,-2.043788851614904
1776720361.1011198,2,216.65335247162363,271.45478124105995,-2.1715181202647083
1776720361.122651,2,210.57735095071305,269.1189128627775,-2.300690500523546
1776720361.1556528,2,204.22272281847867,266.6676022471169,-2.432082594407923
1776720361.1753964,2,197.64782953818326,264.1183852847739,-2.5545305411171464
1776720361.2109907,2,191.00011114257728,261.4518849437419,-2.6354043871040456
1776720361.2432015,2,184.37978478082698,258.66146036231316,-2.669939171324999
1776720361.2838316,2,177.7674410002657,255.73221211321214,-2.669572974606791
1776720361.3113925,2,171.04178674836834,252.63742300127745,-2.688742623784588
1776720361.3422122,2,164.12904869218244,249.39249894134056,-2.7247541223300042
1776720361.3710308,2,156.91011477682332,246.09564225199128,-2.7843824555251375
1776720361.4185123,2,149.02760519069705,242.6653787034287,-2.926313538458928
1776720361.457568,2,140.3898947645873,239.19108716065497,-3.1424657558910107
1776720361.5000424,2,131.2742242750415,235.7833369657197,-3.396323576483357
1776720361.5267386,2,121.97156229290684,232.56273972451353,-3.658309236712522
1776720361.564318,2,112.71424934485688,229.6095229468405,-3.9126558196546664
1776720361.6006284,2,103.63491853712668,226.99171623902612,-4.174528920513704
1776720361.6256452,2,94.92345807105202,224.76837538713352,-4.4234452131019815
1776720361.6582043,2,86.89097638255566,223.04974204918472,-4.656630096067369
1776720361.6963904,2,79.7621521733395,221.8753539507814,-4.866207402800558
1776720361.734114,2,73.67396814931467,220.88682547763008,-5.135380492947102
1776720363.041056,2,74.25645886891697,228.1462494751786,-8.195694302578984
1776720363.0771196,2,77.50918770239139,235.9370281413647,-10.499051595989405
1776720363.107898,2,82.98234519055663,244.14143880994132,-12.174703757626403
1776720363.1390514,2,90.09413647516246,252.568057720354,-13.340714722789782
1776720363.1611927,2,98.16966836548356,260.9360943779246,-14.1402730090268
1776720363.193525,2,106.58618151876783,269.01283244491196,-14.708895532375488
1776720363.2236276,2,115.10746537511527,276.62405338686904,-15.126589665947655
1776720363.2570114,2,123.38850388731836,283.5873316147662,-15.42350654060866
1776720363.2767882,2,131.11514757444328,289.68999466665537,-15.599046632404361
1776720363.3095257,2,138.23384143139216,294.9506637506561,-15.675809251750891
1776720363.3466663,2,145.0090289325195,299.58117849590946,-15.66715947863937
1776720363.3776846,2,151.8253046301058,303.72871230296533,-15.612063933067217
1776720363.416079,2,159.1507218137931,307.63927863403285,-15.453673265918983
1776720363.4431977,2,167.19293374882776,311.50911670423073,-15.20332398285675
1776720363.4886525,2,175.7820802564673,315.4965990370762,-14.876889891265895
1776720363.528577,2,184.66139847303197,319.56508534063926,-14.522203648633266
1776720363.556312,2,194.05160747522618,323.69854573840405,-14.135329531604889
1776720363.5766451,2,203.85460363883183,327.6840859407291,-13.693972068994139
1776720363.6090076,2,213.6082051530539,331.12141586669884,-13.25959473580814
1776720363.6461108,2,223.00339708322716,333.86730257067177,-12.898903582025964
1776720363.6909046,2,231.81046931068994,335.93681664129525,-12.673017412333344
1776720363.734075,2,239.74468350938872,337.21502392088615,-12.544832895488657
1776720363.7747095,2,246.70625892190336,337.5277714019832,-12.381932625947599
1776720363.8039389,2,252.48652856695514,336.745344460394,-12.16802253940533
1776720363.8346968,2,256.9473753409396,334.9052751787484,-11.975499769852748
1776720363.8603792,2,260.3114298332747,332.2404080267006,-11.86425612504099
1776720363.9102898,2,262.9641235372171,329.0126584784547,-11.801484537238283
1776720363.954846,2,265.3907745493875,325.4901269528033,-11.732294010015778
1776720363.9790297,2,267.9391337345402,321.8944506777236,-11.682037881970976
1776720364.0125492,2,270.87078372227427,318.4510538572588,-11.63291826075157
1776720364.0589411,2,274.09064750489136,315.21720562600154,-11.610860029292525
1776720364.1047244,2,277.34686476012143,312.0677499568766,-11.633215837025425
1776720364.155683,2,280.6369753118527,308.96509595982917,-11.6607231589557
1776720364.1867914,2,283.85599274706885,305.74584124386513,-11.714730430369853
1776720364.2124412,2,286.94566135263676,302.3332819805645,-11.831226959602931
1776720364.2444932,2,289.929356146998,298.8000389538305,-11.98577109342462
1776720364.2900686,2,292.8645640817571,295.2101611098885,-12.130877850981197
1776720364.3353481,2,299.0994979553554,290.86297417808504,-12.197402212555426
1776720364.36525,2,305.9119537150196,287.60446140973454,-12.223779264514137
1776720364.4105926,2,313.59684873942433,285.5185915912838,-12.189074880011706
1776720364.4483218,2,322.2155871816294,284.6219375497049,-12.085173966806554
1776720364.4886541,2,331.6236535249768,284.7583600343575,-12.010678120899284
1776720364.5191789,2,341.73741758196303,285.766298723105,-11.935008399556857
1776720364.5407562,2,352.3475791711664,287.4991408518189,-11.838381921413625
1776720364.5857742,2,363.3241751987126,289.8168202269368,-11.725500148373472
1776720364.6101058,2,374.6232049646912,292.58324766558087,-11.58317271587355
1776720364.6459196,2,386.2371686929492,295.7375913708091,-11.429508956467318
1776720364.686305,2,398.0499515928085,299.14275166198246,-11.179022436541297
1776720364.712501,2,410.02864178589135,302.68495798215025,-10.834807207459692
1776720364.746411,2,422.01614544748793,306.16796247805104,-10.44768760818663
1776720364.793936,2,433.7283997561335,309.3678458712159,-10.063244149028936
1776720364.8310573,2,445.06218478592587,312.2223999277706,-9.708914727004661
1776720364.8605826,2,455.8771148831229,314.8272276794997,-9.367283119743805
1776720364.9018993,2,466.1483695540529,317.3184970393311,-9.062895872538357
1776720364.9299262,2,475.84684046825237,319.8543324293132,-8.759192308288343
1776720364.9596202,2,485.0685465586847,322.59662105998245,-8.488240163090085
1776720364.979283,2,493.954585518073,325.7200349503064,-8.199582866767237
1776720365.0168407,2,502.37144401983596,329.2439419691448,-7.831567407955573
1776720365.0459335,2,510.2914133114791,333.07893020591337,-7.480123850375658
1776720365.0868437,2,517.5841745585054,337.0260144033396,-7.163872689379854
1776720365.116654,2,524.1128904434626,340.89905936370246,-6.881717184691635
1776720365.1516473,2,529.7976915819481,344.5142247653735,-6.631215413638936
1776720365.1861818,2,534.6120524462774,347.69722960719696,-6.410026775242239
1776720365.2152123,2,538.54401310543,350.3067141996112,-6.220663733805689
1776720365.2512562,2,541.4552535334233,352.2071268253035,-6.073045585483177
1776720365.282267,2,543.2757379420927,353.4340952921028,-6.025988685958107
1776720365.3155854,2,544.1859475300221,354.1835631301101,-6.045943591919656
1776720365.3367414,2,544.3629513676286,354.7607233847203,-6.098627765676258
1776720365.370903,2,543.959701161948,355.3750922662364,-6.1288263162074985
1776720365.4004526,2,543.0900847650346,356.04438029167017,-6.141082267535775
1776720365.4272065,2,541.8058868106172,356.5771517982861,-6.06923607403594
1776720365.4586294,2,540.205290781805,356.7121443151961,-6.042257532954389
1776720365.4982483,2,538.1566337007861,356.13125949606405,-6.005101226711076
1776720365.5377839,2,535.5822177914608,354.62319567768986,-5.992005766197782
1776720365.5813138,2,532.5582489723745,352.2126026666181,-5.9913687213061
1776720365.6021771,2,529.2798085378447,349.07474075745176,-5.957262718869499
1776720365.6435103,2,526.0533460224581,345.48483213828706,-5.844656359003138
1776720365.6837926,2,523.1493349443379,341.6422835183445,-5.638383928628507
1776720365.7163677,2,520.6584149783523,337.63741297500997,-5.351448184558103
1776720365.7500513,2,518.5868207528179,333.53641968097855,-4.991186043716114
1776720365.7802336,2,516.8376223959339,329.2232393853053,-4.63827265352201
1776720365.8090754,2,515.285063347639,324.6069493706141,-4.267697804489916
1776720365.840016,2,513.8730603341734,319.6864852818866,-3.890909354792279
1776720365.863434,2,512.5843184787065,314.4643896519432,-3.4839963590579335
1776720365.895818,2,511.360717063192,308.91278304545915,-3.0734401175143566
1776720365.9287636,2,510.25706215433803,303.0849321242465,-2.684418524749115
1776720365.95938,2,509.3386084623852,297.09507579047846,-2.314409569227402
1776720365.993773,2,508.5500538163592,291.03941724318133,-1.890810813867565
1776720366.0289323,2,507.8678556716404,285.00586569118053,-1.5209398374894951
1776720366.069387,2,507.21633958380806,279.0970115933958,-1.1983688917589825
1776720366.0988398,2,506.55060846208147,273.3800200031492,-0.8905217109135852
1776720366.1319985,2,505.7886492714757,267.8860550366754,-0.6656775885245589
1776720366.1626613,2,504.9043607055206,262.6720245178572,-0.47648658279928524
1776720366.1959884,2,504.04745975476186,257.74887717958865,-0.3040290916581625
1776720366.231906,2,503.3960438919715,253.25896941859054,-0.11073477390492552
1776720366.258643,2,502.9868361448894,249.10508899863936,0.08101546873376564
1776720366.2910318,2,502.7141427343784,245.19571290604696,0.28392341574812524
1776720366.3210437,2,502.47853685755405,241.36575178288706,0.44410659909961714
1776720366.355527,2,502.18695642517343,237.56721000367637,0.6026667227478282
1776720366.3951728,2,501.7551942657143,233.71602148865674,0.7299636889448153
1776720366.4323425,2,501.1506086292393,229.7601674369964,0.82364660172892
1776720366.4760754,2,500.4818073150563,225.74886298025862,0.9175056532441161
1776720366.5212314,2,499.7892260279756,221.66930942626016,1.0290724035948415
1776720366.546083,2,499.0862382481503,217.58782330338698,1.171205729208725
1776720366.5853267,2,498.3629723597734,213.48527638598276,1.302981194966942
1776720366.6173842,2,497.54560051359493,209.3862872803404,1.433205876567237
1776720366.6524282,2,496.65797445570604,205.2932580715546,1.564701949999101
1776720366.69434,2,495.7232560078784,201.1956678703158,1.6599361856375558
1776720366.736305,2,494.9345233680833,197.21026521530337,1.7305725841344652
1776720366.7652886,2,494.4611211866712,193.57754165646003,1.8333603675943067
1776720366.803387,2,494.51297967381635,190.56272594126574,1.9876465804827916
1776720366.8331292,2,495.52366968453913,188.75623275749288,2.49011275030712
1776720366.867993,2,497.78505835302747,188.69230721471715,3.517821614322389
1776720366.8983338,2,500.55838921720243,189.66713870597823,4.7985682407730215
1776720366.9332376,2,503.5862844818565,191.2307920026856,6.17070252502127
1776720366.9742036,2,506.9348803138391,193.3480541132758,7.62468178591353
1776720367.0019467,2,510.5470307141013,196.16845608444822,9.234949863831392
1776720367.0344687,2,514.0714341841203,199.2386068321106,10.85728845345968
1776720367.0637472,2,517.4630201153687,202.467366504052,12.421743693594271
1776720367.1110659,2,520.714477882955,205.72917630788228,13.923940882620764
1776720367.1591377,2,523.4044759554064,208.48113746584767,15.167272995028593
1776720367.1816459,2,525.4031954974889,210.56661660627938,16.09352641668248
1776720367.2216895,2,526.7891053287483,211.99907220524435,16.710537312209105
1776720367.2491891,2,527.4597410756821,212.72612585364564,17.012620025237858
1776720367.2849655,2,527.6702664369894,213.04847952937098,17.043069086239974
1776720367.3251052,2,527.8321668016512,213.47911368514008,17.01376557694765
1776720367.3706377,2,527.5262250857293,213.52557106121554,16.726741183284112
1776720367.4030252,2,526.1802441053444,212.65790058641582,15.981218855389443
1776720367.427102,2,523.7146166249623,210.7371665205494,14.743119293981167
1776720367.4638467,2,520.3112490574604,208.13340698194665,13.003844946954786
1776720367.5077171,2,516.7305776596838,205.59914104386655,11.017312490493863
1776720367.5337322,2,513.481871188066,203.5530195875786,8.865101226888951
1776720367.5740752,2,510.32291251134353,201.7567144717895,6.533400392626369
1776720367.6004813,2,507.4996798426104,200.34645109896556,4.2033962151854105
1776720367.6357613,2,505.080841593188,199.27085676015636,1.9173287064739144
1776720367.6906295,2,502.6937141878374,198.1980815645204,-0.4047824833619555
1776720367.729414,2,500.6517074278253,197.30660434674647,-2.659338796070969
1776720367.763577,2,498.27496039616733,196.65774614068613,-6.0570930804013825
1776720367.7979026,2,495.88030878272104,196.14901351089372,-9.142063043598286
1776720367.831723,2,493.5863945918004,195.91193578036155,-11.949691423290469
1776720367.859627,2,491.96306533057924,196.32419034553257,-14.397598229602973
1776720367.900772,2,491.13961016734856,197.26594917840276,-16.517927356392253
1776720367.9329896,2,491.10652870331177,198.7237347242483,-18.372673903233608
1776720367.9673345,2,492.087971564681,200.75082824849363,-19.922790274085102
1776720368.0087967,2,494.0098798298786,203.31414579637794,-21.22476667764603
1776720368.0374804,2,496.5460946910672,206.22361379867095,-22.36164465094899
1776720368.0770621,2,499.6334489299746,209.38339686292264,-23.373696924083383
1776720368.1004143,2,503.3693208294821,212.8991636034575,-24.26884353143734
1776720368.1341271,2,507.7195234875891,216.8007717901149,-25.00185584895815
1776720368.1666827,2,512.5318744114168,220.9957521112641,-25.63197646579886
1776720368.2005272,2,517.7477210365819,225.4548723106495,-26.228926928153935
1776720368.23112,2,523.5100682142745,230.21070257144345,-26.745435295035232
1776720368.2622283,2,529.9873647871563,235.33662830504676,-27.07252106342427
1776720368.2997494,2,537.2299264593113,240.83007223203168,-27.148971931751312
1776720368.3288326,2,544.8592993539294,246.48466411764204,-26.922253885522448
1776720368.3612046,2,552.253482107963,251.9583470047518,-26.539554457088858
1776720368.408767,2,559.026252781042,257.0214034562457,-26.237580233116645
1776720368.43013,2,565.136952294293,261.6946501893615,-26.07390120115649
1776720368.4654226,2,570.944799494671,266.3780080025351,-25.99258586766755
1776720368.6930363,2,576.3399585157177,271.6052848955952,-25.589998946352633
1776720368.7270396,2,579.6445168676412,274.19956414257916,-25.39943681192945
1776720368.7650034,2,580.9415857018472,275.6312517888752,-25.236447513090624
1776720368.802436,2,580.5347393450527,276.3098879223623,-25.061899774359475
1776720368.8316703,2,578.4857943818747,276.5374865950923,-24.869583561581805
1776720368.8703816,2,574.8069159349664,276.5463060561969,-24.668843179440355
1776720368.8981965,2,569.6936442301562,276.5148887464168,-24.556558663670124
1776720368.942205,2,563.5829307512965,276.5707207348637,-24.49105806858111
1776720368.9761233,2,556.9596654744931,276.7708992546401,-24.4524593865241
1776720369.0046709,2,550.1633299336522,277.06294775431786,-24.373174888311762
1776720369.026834,2,543.2479071690398,277.301554361482,-24.28421870498884
1776720369.0672605,2,536.1469274208638,277.37282968706006,-24.17388215050155
1776720369.1034284,2,528.8701056889081,277.25368660516983,-24.068636051769612
1776720369.13011,2,521.3904847867002,276.981814440592,-23.948843355250062
1776720369.160164,2,513.7231776502933,276.53456299244857,-23.870184993815663
1776720369.1866288,2,505.9975202528476,276.0105932773097,-23.807202711350346
1776720369.2330441,2,498.2280134228788,275.450622891554,-23.7353511970898
1776720369.2728891,2,490.2798572212711,274.8156454301575,-23.649177242555872
1776720369.3074214,2,482.0550634238769,274.1300191069814,-23.55857057593041
1776720369.3380418,2,473.3907347263653,273.3688631220248,-23.417837525737184
1776720369.3707387,2,464.255991390858,272.5988931845024,-23.244286880717837
1776720369.4021506,2,454.6585186300648,271.8689225825573,-23.058255529261864
1776720369.4378896,2,444.6983499263165,271.259870367659,-22.872983397555682
1776720369.4691331,2,434.23801700515,270.68972670693563,-22.679590930339835
1776720369.4963806,2,423.2530394832687,270.0572132140919,-22.475045261035543
1776720369.5549138,2,411.75205836443206,269.27190854809794,-22.280581083411107
1776720369.5874424,2,399.76584045918565,268.2472192884492,-22.125495513443056
1776720369.621569,2,387.528143896575,266.99646207911303,-22.02114375036345
1776720369.6616476,2,375.19506347375403,265.5255112970163,-21.968436399662153
1776720369.6996243,2,362.9692365159297,263.8380027901463,-21.95771551340638
1776720369.7260425,2,351.1067123587129,261.9701444045147,-21.951524141958792
1776720369.7655747,2,339.38728852873317,259.8791904091921,-21.962321787685163
1776720369.8077946,2,327.65021355037464,257.51979860490843,-22.051174932851023
1776720369.8332157,2,316.0106885704656,254.9952959571835,-22.16842173133834
1776720369.8679469,2,304.4297268911712,252.32749755217537,-22.332365642845463
1776720369.9119644,2,293.0962596299462,249.5843506642818,-22.506683836488484
1776720369.936736,2,282.17636452101976,246.84930909591588,-22.646326060324682
1776720369.9656012,2,271.7435420098716,244.19987305663554,-22.718585202973586
1776720369.9989626,2,261.74562422712427,241.62094510783237,-22.765551807426544
1776720370.036353,2,252.19342876686983,239.16044434229224,-22.773978471176292
1776720370.063043,2,242.87175072048947,236.78489838691402,-22.814467386626223
1776720370.0994654,2,233.6170331752934,234.49743801850008,-22.890725756418355
1776720370.1212425,2,224.3424307534259,232.3111209246016,-23.019041771204748
1776720370.1547167,2,214.9340686422829,230.24608952286712,-23.209544825253804
1776720370.1897974,2,205.09438158807856,228.26580848535363,-23.51088630854689
1776720370.2151334,2,194.8733348612701,226.3809986592421,-23.894387049038016
1776720370.2504792,2,184.44322149069353,224.5943968558848,-24.30886832899036
1776720370.2907887,2,173.75975398005866,222.8315636316585,-24.786815471539523
1776720370.3112013,2,162.9538929303716,221.07690588403503,-25.301995208318562
1776720370.3474107,2,152.26065170487462,219.32374053830674,-25.799394965275845
1776720370.3830287,2,141.6933852518294,217.55266435334664,-26.296308763166298
1776720370.4282987,2,131.14880204328392,215.72371723359709,-26.75795556495479
1776720370.47471,2,120.50574088714691,213.78146834041675,-27.199567421975033
1776720370.5158827,2,109.59009159455532,211.65430525783142,-27.640310206267294
1776720370.542063,2,98.35870598811363,209.34577347636107,-28.010925178909854
